Adat,അടാട്ട്
Adichanalloor,ആദിച്ചനല്ലൂര്‍
Adimaly,അടിമാലി
Adimaly,അടിമാലി
Adoor,അടൂര്‍
Agali,അഗളി
Aikaranad,ഐക്കരനാട്
Ajanur,അജാനൂര്‍
Akalakunnam,അകലക്കുന്നം
Akathethara,അകത്തേത്തറ
Ala,ആല
Alagappanagar,അളഗപ്പനഗര്‍
Alakode,ആലക്കോട്
Alakode,ആലക്കോട്
Alamkode,ആലംകോട്
Alanallur,അലനല്ലൂര്‍
Alangad,ആലങ്ങാട്
Alangad,ആലങ്ങാട്
Alappad,ആലപ്പാട്
Alappuzha,ആലപ്പുഴ
Alathur,ആലത്തൂര്‍
Alathur,ആലത്തൂര്‍
Alayamon,അലയമണ്‍
Aliparamba,ആലിപ്പറമ്പ്
Aloor,ആളൂര്‍
Aluva,ആലുവ
Amarambalam,അമരമ്പലം
Ambalappara,അമ്പലപ്പാറ
Ambalapuzha,അമ്പലപ്പുഴ
Ambalapuzha North,അമ്പലപ്പുഴ വടക്ക്
Ambalapuzha South,അമ്പലപ്പുഴ തെക്ക്
Ambalavayal,അമ്പലവയല്‍
Amballoor,ആമ്പല്ലൂര്‍
Amboori,അമ്പൂരി
Anad,ആനാട്
Anakkara,ആനക്കര
Anakkayam,ആനക്കയം
Ananganadi,അനങ്ങനടി
Anchal,അഞ്ചല്‍
Anchal,അഞ്ചല്‍
Anchuthengu,അഞ്ചുതെങ്ങ്
Andoorkonam,അണ്ടൂര്‍ക്കോണം
Angadippuram,അങ്ങാടിപ്പുറം
Angamaly,അങ്കമാലി
Angamaly,അങ്കമാലി
Anicadu,ആനിക്കാട്
Anjarakandy,അഞ്ചരക്കണ്ടി
Annamanada,അന്നമനട
Anthikad,അന്തിക്കാട്
Anthikad,അന്തിക്കാട്
Arakulam,അറക്കുളം
Arakuzha,ആരക്കുഴ
Aralam,ആറളം
Aranmula,ആറന്മുള
Arattupuzha,ആറാട്ടുപുഴ
Areacode,അരീക്കോട്
Areacode,അരീക്കോട്
Arikkulam,അരിക്കുളം
Arimpur,അരിമ്പൂര്‍
ARNagar,അബ്ദുറഹിമാന്‍ നഗര്‍
Arookutty,അരൂക്കുറ്റി
Aroor,അരൂര്‍
Arpookara,ആര്‍പ്പൂക്കര
Aruvappulam,അരുവാപ്പുലം
Aruvikkara,അരുവിക്കര
Aryad,ആര്യാട്
Aryad,ആര്യാട്
Aryanad,ആര്യനാട്
Aryancode,ആര്യങ്കോട്
Aryankavu,ആര്യങ്കാവ്
Asamannoor,അശമന്നൂര്‍
Athavanad,ആതവനാട്
Athirampuzha,അതിരമ്പുഴ
Athirappilly,അതിരപ്പിള്ളി
Athiyannoor,അതിയന്നൂര്‍
Athiyannoor,അതിയന്നൂര്‍
Atholi,അത്തോളി
Attappady,അട്ടപ്പാടി
Attingal,ആറ്റിങ്ങല്‍
Avanur,അവണൂര്‍
Avinissery,ആവിണിശ്ശേരി
Avoly,ആവോലി
Ayancheri,ആയഞ്ചരി
Ayarkunnam,അയര്‍കുന്നം
Ayavana,ആയവന
Ayiloor,അയിലൂര്‍
Aymanam,അയ്മനം
Ayroor,അയിരൂര്‍
Ayyampuzha,അയ്യമ്പുഴ
Ayyankunnu,അയ്യന്‍കുന്ന്
AyyappanCoil,അയ്യപ്പന്‍ കോവില്‍
Azhikode,അഴീക്കോട്
Azhiyur,അഴിയൂര്‍
Azhoor,അഴൂര്‍
Azhutha,അഴുത
Badiadka,ബദിയഡുക്ക
Balal,ബളാല്‍
Balaramapuram,ബാലരാമപുരം
Balussery,ബാലുശ്ശേരി
Balussery,ബാലുശ്ശേരി
Bedadka,ബേഡഡുക്ക
Belloor,ബേളൂര്‍
Bharananganam,ഭരണങ്ങാനം
Bharanickavu,ഭരണിക്കാവ്
Bharanickavu,ഭരണിക്കാവ്
Budhanoor,ബുധനൂര്‍
BysonValley,ബൈസണ്‍ വാലി
Chadayamangalam,ചടയമംഗലം
Chadayamangalam,ചടയമംഗലം
Chakkittapara,ചക്കിട്ടപ്പാറ
Chakkupallam,ചക്കുപള്ളം
Chalakudy,ചാലക്കുടി
Chalakudy,ചാലക്കുടി
Chalavara,ചളവറ
Chalissery,ചാലിശ്ശേരി
Chaliyar,ചാലിയാര്‍
Champakulam,ചമ്പക്കുളം
Champakulam,ചമ്പക്കുളം
Changanassery,ചങ്ങനാശ്ശേരി
Changaroth,ചങ്ങരോത്ത്
Chapparapadava,ചപ്പാരപ്പടവ്
Chathamangalam,ചാത്തമംഗലം
Chathannoor,ചാത്തന്നൂര്‍
Chavakkad,ചാവക്കാട്
Chavakkad,ചാവക്കാട്
Chavara,ചവറ
Chavara,ചവറ
Chazhur,ചാഴൂര്‍
Cheacode,ചീക്കോട്
Chekkiad,ചെക്യാട്
Chelakkara,ചേലക്കര
Chelannur,ചേളന്നൂര്‍
Chelannur,ചേളന്നൂര്‍
Chelembra,ചേലേമ്പ്ര
Chellanam,ചെല്ലാനം
Chemanchery,ചേമഞ്ചരി
Chembilode,ചെമ്പിലോട്
Chemmaruthy,ചെമ്മരുതി
Chemnad,ചെമ്മനാട്
Chempu,ചെമ്പ്
Chendamangalam,ചേന്ദമംഗലം
Chengala,ചെങ്കള
Chengalayi,ചെങ്ങളായി
Chengamanad,ചെങ്ങമനാട്
Chengannur,ചെങ്ങന്നൂര്‍
Chengannur,ചെങ്ങന്നൂര്‍
Chengottukavu,ചേങ്ങോട്ടുകാവ്
Chenkal,ചെങ്കല്‍
Chennam Pallippuram,ചേന്നം പള്ളിപ്പുറം
Chenneerkara,ചെന്നീര്‍ക്കര
Chennithala-Thripperumthura,ചെന്നിത്തല- തൃപ്പെരുന്തുറ
Cheppad,ചേപ്പാട്
Cheranalloor,ചേരാനല്ലൂര്‍
Cheriyamundam,ചെറിയമുണ്ടം
Cheriyanad,ചെറിയനാട്
Cherpu,ചേര്‍പ്പ്
Cherpu,ചേര്‍പ്പ്
Cherthala,ചേര്‍ത്തല
Cherthala South,ചേര്‍ത്തല തെക്ക്
Cherukavu,ചെറുകാവ്
Cherukole,ചെറുകോല്‍
Cherukunnu,ചെറുകുന്ന്
Cherunniyoor,ചെറുന്നിയൂര്‍
Cherupuzha,ചെറുപുഴ
Cheruthana,ചെറുതന
Cheruthazham,ചെറുതാഴം
Cheruvannur,ചെറുവണ്ണൂര്‍
Cheruvathur,ചെറുവത്തൂര്‍
Chettikulangara,ചെട്ടികുളങ്ങര
Chingoli,ചിങ്ങോലി
Chinnakanal,ചിന്നക്കനാല്‍
Chirakkadavu,ചിറക്കടവ്
Chirakkal,ചിറക്കല്‍
Chirakkara,ചിറക്കര
Chirayinkeezhu,ചിറയിന്‍കീഴ്
Chirayinkeezhu,ചിറയിന്‍കീഴ്
Chithara,ചിതറ
Chittar,ചിറ്റാര്‍
Chittariparamba,ചിറ്റാരിപ്പറമ്പ്
Chittattukara,ചിറ്റാറ്റുകര
Chittumala,ചിറ്റുമല
Chittur,ചിറ്റൂര്‍
Chittur Tattamangalam,ചിറ്റൂര്‍ തത്തമംഗലം
Chokkad,ചോക്കാട്
Chokli,ചൊക്ളി
Choondal,ചൂണ്ടല്‍
Choornikkara,ചൂര്‍ണ്ണിക്കര
Chorode,ചോറോട്
Chottanikkara,ചോറ്റാനിക്കര
Chowannur,ചൊവ്വന്നൂര്‍
Chowannur,ചൊവ്വന്നൂര്‍
Chunakara,ചുനക്കര
Chungathara,ചുങ്കത്തറ
Clappana,ക്ളാപ്പന
Cochin,കൊച്ചി
Delampady,ദേലംപാടി
Desamangalam,ദേശമംഗലം
Devikulam,ദേവികുളം
Devikulam,ദേവികുളം
Devikulangara,ദേവികുളങ്ങര
Dharmadam,ധര്‍മ്മടം
East Eleri,ഈസ്റ് എളേരി
East Kallada,കിഴക്കേ കല്ലട
Edacheri,എടച്ചേരി
Edakkad,എടക്കാട്
Edakkara,എടക്കര
Edakkattuvayal,എടയ്ക്കാട്ടുവയല്‍
Edamalakkudy,ഇടമലക്കുടി
Edamulackal,ഇടമുളയ്ക്കല്‍
Edapal,എടപ്പാള്‍
Edappally,ഇടപ്പള്ളി
Edappatta,എടപ്പറ്റ
Edarikode,എടരിക്കോട്
Edathala,എടത്തല
Edathiruthy,എടത്തിരുത്തി
Edathua,എടത്വാ
Edava,ഇടവ
Edavaka,എടവക
Edavanakkad,എടവനക്കാട്
Edavanna,എടവണ്ണ
Edavetty,ഇടവെട്ടി
Edavilangu,എടവിലങ്ങ്
Edayur,എടയൂര്‍
Elakamon,ഇലകമണ്‍
Elamadu,ഇളമാട്
Elamkulam,ഏലംകുളം
Elampalloor,ഇളംപള്ളൂര്‍
Elanji,ഇലഞ്ഞി
Elankunnapuzha,എളങ്കുന്നപ്പുഴ
Elanthoor,ഇലന്തൂര്‍
Elanthoor,ഇലന്തൂര്‍
Elappara,ഏലപ്പാറ
Elappully,എലപ്പുള്ളി
Elavally,എളവള്ളി
Elavancherry,എലവഞ്ചരി
Elemdesam,ഇളംദേശം
Elikulam,എലിക്കുളം
Eloor,ഏലൂര്‍
Enadimangalam,ഏനാദിമംഗലം
Engandiyur,ഏങ്ങണ്ടിയൂര്‍
Enmakaje,എന്‍മകജെ
Eramala,ഏറാമല
Eramam Kuttur,എരമം കുറ്റൂര്‍
Eranholi,എരഞ്ഞോളി
Erathu,ഏറത്ത്
Erattayar,ഇരട്ടയാര്‍
Erattupetta,ഈരാറ്റുപേട്ട
Eraviperoor,ഇരവിപേരൂര്‍
Erimayur,എരിമയൂര്‍
Eriyad,എറിയാട്
Erumapetty,എരുമപ്പെട്ടി
Erumely,എരുമേലി
Eruthenpathy,എരുത്തേമ്പതി
Eruvessy,എരുവേശ്ശി
Ettumanoor,ഏറ്റുമാനൂര്‍
Ezhamkulam,ഏഴംകുളം
Ezhikkara,ഏഴിക്കര
Ezhome,ഏഴോം
Ezhukone,എഴുകോണ്‍
Ezhumattoor,എഴുമറ്റൂര്‍
Ezhupunna,എഴുപുന്ന
Guruvayur,ഗുരുവായൂര്‍
Haripad,ഹരിപ്പാട്
Idukki,ഇടുക്കി
IdukkiKanjikuzhy,ഇടുക്കി കഞ്ഞിക്കുഴി
Irikkur,ഇരിക്കൂര്‍
Irikkur,ഇരിക്കൂര്‍
Irimbiliyam,ഇരിമ്പിളിയം
Irinjalakuda,ഇരിങ്ങാലക്കുട
Irinjalakuda,ഇരിങ്ങാലക്കുട
Iritty,ഇരിട്ടി
Ithikkara,ഇത്തിക്കര
Ittiva,ഇട്ടിവ
Kadakkal,കടയ്ക്കല്‍
Kadakkarappally,കടക്കരപ്പള്ളി
Kadakkavoor,കടയ്ക്കാവൂര്‍
Kadalundi,കടലുണ്ടി
Kadamakudy,കടമക്കുടി
Kadambur,കടമ്പൂര്‍
Kadampanad,കടമ്പനാട്
Kadampazhipuram,കടമ്പഴിപ്പുറം
Kadanad,കടനാട്
Kadangode,കടങ്ങോട്
Kadannappally Panapuzha,കടന്നപ്പള്ളി പാണപ്പുഴ
Kadaplamattom,കടപ്ളാമറ്റം
Kadappuram,കടപ്പുറം
Kadapra,കടപ്ര
Kadavallur,കടവല്ലൂര്‍
Kadinamkulam,കഠിനംകുളം
Kadirur,കതിരൂര്‍
Kadukutty,കാടുകുറ്റി
Kadungalloor,കടുങ്ങല്ലൂര്‍
Kaduthuruthy,കടുത്തുരുത്തി
Kaduthuruthy,കടുത്തുരുത്തി
Kainakary,കൈനകരി
Kaipamangalam,കൈപ്പമംഗലം
Kaiparambu,കൈപ്പറമ്പ്
Kakkodi,കക്കോടി
Kakkur,കാക്കൂര്‍
Kaladi,കാലടി
Kalady,കാലടി
Kalamassery,കളമശ്ശേരി
Kalanjoor,കലഞ്ഞൂര്‍
Kalikavu,കാളികാവ്
Kalikavu,കാളികാവ്
Kallar,കള്ളാര്‍
Kallara,കല്ലറ
Kallara,കല്ലറ
Kalliasseri,കല്ല്യാശ്ശേരി
Kallikkadu,കള്ളിക്കാട്
Kalliyoor,കല്ലിയൂര്‍
Kallooppara,കല്ലൂപ്പാറ
Kalloorkad,കല്ലൂര്‍ക്കാട്
Kalluvathukkal,കല്ലുവാതുക്കല്‍
Kalpakanchery,കല്‍പകഞ്ചരി
Kalpetta,കല്‍പ്പറ്റ
Kalpetta,കല്‍പ്പറ്റ
Kamakshy,കാമാക്ഷി
Kanakkary,കാണക്കാരി
Kanchiyar,കാഞ്ചിയാര്‍
Kandalloor,കണ്ടല്ലൂര്‍
Kandanassery,കണ്ടാണശ്ശേരി
Kangazha,കങ്ങഴ
Kanhangad,കാഞ്ഞങ്ങാട്
Kanhangad,കാഞ്ഞങ്ങാട്
Kanhirapuzha,കാഞ്ഞിരപുഴ
Kanichar,കണിച്ചാര്‍
Kaniyambetta,കണിയാമ്പറ്റ
Kanjikuzhy,കഞ്ഞിക്കുഴി
Kanjikuzhy,കഞ്ഞിക്കുഴി
Kanjiramkulam,കാഞ്ഞിരംകുളം
Kanjirappally,കാഞ്ഞിരപ്പള്ളി
Kanjirappally,കാഞ്ഞിരപ്പള്ളി
Kanjoor,കാഞ്ഞൂര്‍
Kankol - Alappadamba,കാങ്കോല്‍ - ആലപ്പടമ്പ
Kannadi,കണ്ണാടി
Kannamangalam,കണ്ണമംഗലം
Kannambra,കണ്ണമ്പ്ര
Kannapuram,കണ്ണപുരം
Kannur,കണ്ണൂര്‍
Kanthalloor,കാന്തല്ലൂര്‍
Kappur,കപ്പൂര്‍
Karadka,കാറഡുക്ക
Karakulam,കരകുളം
Karakurussi,കാരാകുറുശ്ശി
Karalam,കാറളം
Karassery,കാരശ്ശേരി
Karavaloor,കരവാളൂര്‍
Karavaram,കരവാരം
Kareepra,കരീപ്ര
Karimannoor,കരിമണ്ണൂര്‍
Karimba,കരിമ്പ
Karimkunnam,കരിങ്കുന്നം
Karimpuzha,കരിമ്പുഴ
Karivellur Peralam,കരിവെള്ളൂര്‍ പെരളം
Karode,കാരോട്
Karoor,കരൂര്‍
Karthikappally,കാര്‍ത്തികപ്പള്ളി
Karukachal,കറുകച്ചാല്‍
Karukutty,കറുകുറ്റി
Karulai,കരുളായ്
Karumallur,കരുമാല്ലൂര്‍
Karumkulam,കരുംകുളം
Karunagappally,കരുനാഗപ്പള്ളി
Karunapuram,കരുണാപുരം
Karuvarakundu,കരുവാരകുണ്ട്
Karuvatta,കരുവാറ്റ
Kasaragod,കാസര്‍കോഡ്
Kasaragod,കാസര്‍കോഡ്
Kattakada,കാട്ടാക്കട
Kattakampal,കാട്ടകാമ്പാല്‍
Kattappana,കട്ടപ്പന
Kattippara,കട്ടിപ്പാറ
Kattoor,കാട്ടൂര്‍
Kavalam,കാവാലം
Kavalangad,കവളങ്ങാട്
Kavanur,കാവനൂര്‍
Kavassery,കാവശ്ശേരി
Kavilumpara,കാവിലുമ്പാറ
Kaviyoor,കവിയൂര്‍
Kayakkody,കായക്കൊടി
Kayamkulam,കായംകുളം
Kayanna,കായണ്ണ
Kayyur Cheemeni,കയ്യൂര്‍ ചീമേനി
Kazhakuttom,കഴക്കൂട്ടം
Keerampara,കീരംപാറ
Keezhallur,കീഴല്ലൂര്‍
Keezhariyur,കീഴരിയൂര്‍
Keezhattur,കീഴാറ്റൂര്‍
Keezhmad,കീഴ്മാട്
Keezhuparamba,കീഴുപറമ്പ്
Kelakam,കേളകം
Keralassery,കേരളശ്ശേരി
Kidangoor,കിടങ്ങൂര്‍
Kilimanoor,കിളിമാനൂര്‍
Kilimanoor,കിളിമാനൂര്‍
Kinanoor - Karinthalam,കിനാനൂര്‍ കരിന്തളം
Kizhakkambalam,കിഴക്കമ്പലം
Kizhakkencherry,കിഴക്കഞ്ചരി
Kizhakkoth,കിഴക്കോത്ത്
Kizhuvilam,കിഴുവിലം
Kodakara,കൊടകര
Kodakara,കൊടകര
Kodamthuruth,കോടംതുരുത്ത്
Kodanchery,കോടഞ്ചരി
Kodassery,കോടശ്ശേരി
Kodikulam,കോടിക്കുളം
Kodiyathur,കൊടിയത്തൂര്‍
KodomBelur,കോടോം ബേളൂര്‍
Kodumbu,കൊടുമ്പ്
Kodumon,കൊടുമണ്‍
Kodungallur,കൊടുങ്ങല്ലൂര്‍
Kodur,കോഡൂര്‍
Koduvally,കൊടുവള്ളി
Koduvayur,കൊടുവായൂര്‍
Koipuram,കോയിപ്രം
Koipuram,കോയിപ്രം
Kokkayar,കൊക്കയാര്‍
Kolachery,കൊളച്ചേരി
Kolayad,കോളയാട്
Kolazhy,കോലഴി
Kollam,കൊല്ലം
Kollayil,കൊല്ലയില്‍
Kollengode,കൊല്ലങ്കോട്
Kollengode,കൊല്ലങ്കോട്
Kondazhy,കൊണ്ടാഴി
Kondotty,കൊണ്ടോട്ടി
Kongad,കോങ്ങാട്
Konnathady,കൊന്നത്തടി
Konni,കോന്നി
Konni,കോന്നി
Koodali,കൂടാളി
Koodaranhi,കൂടരഞ്ഞി
Koorachundu,കൂരാച്ചുണ്ട്
Kooroppada,കൂരോപ്പട
Koothali,കൂത്താളി
Koottickal,കൂട്ടിക്കല്‍
Koottilangadi,കൂട്ടിലങ്ങാടി
Koovappady,കൂവപ്പടി
Koovappady,കൂവപ്പടി
Koppam,കൊപ്പം
Koratty,കൊരട്ടി
Koruthodu,കോരുത്തോട്
Kothamangalam,കോതമംഗലം
Kothamangalam,കോതമംഗലം
Kottakkal,കോട്ടക്കല്‍
Kottamkara,കൊറ്റങ്കര
Kottanad,കൊറ്റനാട്
Kottangal,കോട്ടാങ്ങല്‍
Kottappady,കോട്ടപ്പടി
Kottarakara,കൊട്ടാരക്കര
Kottathara,കോട്ടത്തറ
Kottayam,കോട്ടയം
Kottayam,കോട്ടയം
Kottayi,കോട്ടായി
Kottiyoor,കൊട്ടിയൂര്‍
Kottopadam,കോട്ടോപ്പാടം
Kottukal,കോട്ടുകാല്‍
Kottur,കോട്ടൂര്‍
Kottuvally,കോട്ടുവള്ളി
Koyilandy,കൊയിലാണ്ടി
Kozhencherry,കോഴഞ്ചരി
Kozhikode,കോഴിക്കോട്
Kozhinjampara,കൊഴിഞ്ഞാമ്പാറ
Kozhuvanal,കൊഴുവനാല്‍
Krishnapuram,കൃഷ്ണപുരം
Kudayathoor,കുടയത്തൂര്‍
Kulakkada,കുളക്കട
Kulanada,കുളനട
Kulasekharapuram,കുലശേഖരപുരം
Kulathoor,കുളത്തൂര്‍
Kulathupuzha,കുളത്തൂപ്പുഴ
Kulukkallur,കുലുക്കല്ലൂര്‍
Kumarakom,കുമരകം
Kumaramangalam,കുമാരമംഗലം
Kumaramputhur,കുമരംപുത്തൂര്‍
Kumarapuram,കുമാരപുരം
Kumbadaje,കുംബഡാജെ
Kumbalam,കുമ്പളം
Kumbalanghi,കുമ്പളങ്ങി
Kumbla,കുമ്പള
Kumily,കുമിളി
Kummil,കുമ്മിള്‍
Kundara,കുണ്ടറ
Kunhimangalam,കുഞ്ഞിമംഗലം
Kunnamangalam,കുന്ദമംഗലം
Kunnamangalam,കുന്ദമംഗലം
Kunnamkulam,കുന്നംകുളം
Kunnamthanam,കുന്നന്താനം
Kunnathoor,കുന്നത്തൂര്‍
Kunnathukal,കുന്നത്തുകാല്‍
Kunnathunad,കുന്നത്തുനാട്
Kunnothuparamba,കുന്നാത്തുപറമ്പ്
Kunnukara,കുന്നുകര
Kunnummal,കുന്നുമ്മല്‍
Kunnummal,കുന്നുമ്മല്‍
Kuravilangad,കുറവിലങ്ങാട്
Kurichy,കുറിച്ചി
Kurumathur,കുറുമാത്തൂര്‍
Kuruva,കുറുവ
Kuruvattoor,കുരുവട്ടൂര്‍
Kuthanur,കുത്തന്നൂര്‍
Kuthiathod,കുത്തിയതോട്
Kuthuparamba,കൂത്തുപറമ്പ്
Kuthuparamba,കൂത്തുപറമ്പ്
Kuttampuzha,കുട്ടമ്പുഴ
Kuttiadi,കുറ്റ്യാടി
Kuttiattoor,കുറ്റ്യാട്ടൂര്‍
Kuttichal,കുറ്റിച്ചല്‍
Kuttikol,കുറ്റിക്കോല്‍
Kuttippuram,കുറ്റിപ്പുറം
Kuttippuram,കുറ്റിപ്പുറം
Kuttoor,കുറ്റൂര്‍
Kuzhalmannam,കുഴല്‍മന്ദം
Kuzhalmannam,കുഴല്‍മന്ദം
Kuzhimanna,കുഴിമണ്ണ
Kuzhuppilly,കുഴുപ്പിള്ളി
Kuzhur,കുഴൂര്‍
Lakkidi - Perur,ലെക്കിടി പേരൂര്‍
Lalam,ളാലം
Madakkathara,മാടക്കത്തറ
Madappally,മാടപ്പള്ളി
Madappally,മാടപ്പള്ളി
Madavoor,മടവൂര്‍
Madavoor,മടവൂര്‍
Madayi,മാടായി
Madhur,മധൂര്‍
Madikai,മടിക്കൈ
Makkaraparamba,മക്കരപറമ്പ്
Mala,മാള
Mala,മാള
Malampuzha,മലമ്പുഴ
Malampuzha,മലമ്പുഴ
Malappattam,മലപ്പട്ടം
Malappuram,മലപ്പുറം
Malappuram,മലപ്പുറം
Malayalapuzha,മലയാലപ്പുഴ
MalayattoorNeeleswaram,മലയാറ്റൂര്‍ നീലേശ്വരം
Malayinkeezh,മലയിന്‍കീഴ്
Mallappally,മല്ലപ്പള്ളി
Mallappally,മല്ലപ്പള്ളി
Mallappuzhassery,മല്ലപ്പുഴശ്ശേരി
Malur,മാലൂര്‍
Mampad,മമ്പാട്
Manakkad,മണക്കാട്
Manalur,മണലൂര്‍
Manamboor,മണമ്പൂര്‍
Mananthavady,മാനന്തവാടി
Manarcadu,മണര്‍കാട്
Maneed,മണീട്
Mangalam,മംഗലം
Mangalapuram,മംഗലപുരം
Mangalpady,മംഗല്‍പാടി
Mangattidam,മാങ്ങാട്ടിടം
Manickal,മാണിക്കല്‍
Manimala,മണിമല
Maniyur,മണിയൂര്‍
Manjalloor,മഞ്ഞള്ളൂര്‍
Manjapra,മഞ്ഞപ്ര
Manjeri,മഞ്ചേരി
Manjeshwar,മഞ്ചശ്വരം
Manjeshwar,മഞ്ചശ്വരം
Manjoor,മാഞ്ഞൂര്‍
Mankada,മങ്കട
Mankada,മങ്കട
Mankara,മങ്കര
Mankulam,മാങ്കുളം
Mannancherry,മണ്ണഞ്ചരി
Mannar,മാന്നാര്‍
Mannarkkad,മണ്ണാര്‍ക്കാട്
Mannur,മണ്ണൂര്‍
Maradu,മരട്
Marady,മാറാടി
Marakkara,മാറാക്കര
Maranalloor,മാറനല്ലൂര്‍
Maranchery,മാറഞ്ചരി
Marangattupilly,മരങ്ങാട്ടുപിള്ളി
Mararikulam North,മാരാരിക്കുളം വടക്ക്
Mararikulam South,മാരാരിക്കുളം തെക്ക്
Maravanthuruthu,മറവന്‍തുരുത്ത്
Marayoor,മറയൂര്‍
Mariyapuram,മരിയാപുരം
Marutharode,മരുതറോഡ്
Maruthonkara,മരുതോങ്കര
Mathilakam,മതിലകം
Mathilakam,മതിലകം
Mathur,മാത്തൂര്‍
Mattanur,മട്ടന്നൂര്‍
Mattathur,മറ്റത്തൂര്‍
Mattool,മാട്ടൂല്‍
Mavelikara,മാവേലിക്കര
Mavelikara,മാവേലിക്കര
Mavelikara Thamarakulam,മാവേലിക്കര താമരക്കുളം
Mavelikara Thekkekara,മാവേലിക്കര തെക്കേക്കര
Mavoor,മാവൂര്‍
Mayyanad,മയ്യനാട്
Mayyil,മയ്യില്‍
Mazhuvannoor,മഴുവന്നൂര്‍
Meenachil,മീനച്ചില്‍
Meenadom,മീനടം
Meenangadi,മീനങ്ങാടി
Meenja,മീഞ്ച
Melady,മേലടി
Melarcode,മേലാര്‍കോട്
Melattur,മേലാറ്റൂര്‍
Melila,മേലില
Meloor,മേലൂര്‍
Melukavu,മേലുകാവ്
Meppadi,മേപ്പാടി
Meppayur,മേപ്പയൂര്‍
Mezhuveli,മെഴുവേലി
MogralPuthur,മൊഗരാല്‍ പുത്തൂര്‍
Mokeri,മൊകേരി
Moodadi,മൂടാടി
Mookkannur,മൂക്കന്നൂര്‍
Moonnilavu,മൂന്നിലവ്
Moonniyur,മൂന്നിയൂര്‍
Moorkkanad,മൂര്‍ക്കനാട്
Moothedam,മൂത്തേടം
Morayur,മൊറയൂര്‍
Mudakkal,മുദാക്കല്‍
Mudakuzha,മുടക്കുഴ
Muhamma,മുഹമ്മ
Mukhathala,മുഖത്തല
Mulakulam,മുളക്കുളം
Mulakunnathukavu,മുളകുന്നത്തുകാവ്
Mulakuzha,മുളക്കുഴ
Mulanthuruthy,മുളന്തുരുത്തി
Mulanthuruthy,മുളന്തുരുത്തി
Mulavukad,മുളവുകാട്
Muliyar,മുളിയാര്‍
Mullankolly,മുള്ളന്‍കൊല്ലി
Mullassery,മുല്ലശ്ശേരി
Mullassery,മുല്ലശ്ശേരി
Mullurkara,മുള്ളൂര്‍ക്കര
Mundakayam,മുണ്ടക്കയം
Munderi,മുണ്ടേരി
Mundur,മുണ്ടൂര്‍
Munnar,മൂന്നാര്‍
Munroethuruth,മണ്‍റോതുരുത്ത്
Muppainad,മൂപ്പൈനാട്
Muriyad,മുരിയാട്
Muthalamada,മുതലമട
Mutholy,മുത്തോലി
Muthukulam,മുതുകുളം
Muthukulam,മുതുകുളം
Muthuthala,മുതുതല
Muthuvalloor,മുതുവല്ലൂര്‍
Muttar,മുട്ടാര്‍
Muttil,മുട്ടില്‍
Muttom,മുട്ടം
Muvattupuzha,മൂവാറ്റുപുഴ
Muvattupuzha,മൂവാറ്റുപുഴ
Muzhakkunnu,മുഴക്കുന്ന്
Muzhappilangad,മുഴപ്പിലങ്ങാട്
Mylapra,മൈലപ്രാ
Mylom,മൈലം
Mynagappally,മൈനാഗപ്പള്ളി
Nadapuram,നാദാപുരം
Nadathara,നടത്തറ
Naduvannur,നടുവണ്ണൂര്‍
Naduvil,നടുവില്‍
Nagalassery,നാഗലശ്ശേരി
Nagaroor,നഗരൂര്‍
Nallepilly,നല്ലേപ്പിള്ളി
Nanminda,നന്മണ്ട
Nannambra,നന്നമ്പ്ര
Nannammukku,നന്നംമുക്ക്
Nanniyode,നന്ദിയോട്
Narakal,ഞാറക്കല്‍
Naranammoozhy,നാറാണംമൂഴി
Naranganam,നാരങ്ങാനം
Narath,നാറാത്ത്
Narikunni,നരിക്കുനി
Narippatta,നരിപ്പറ്റ
Nattika,നാട്ടിക
Navaikulam,നാവായിക്കുളം
Nayarambalam,നായരമ്പലം
Nedumangad,നെടുമങ്ങാട്
Nedumangad,നെടുമങ്ങാട്
Nedumbassery,നെടുമ്പാശ്ശേരി
Nedumkandam,നെടുങ്കണ്ടം
Nedumkandam,നെടുങ്കണ്ടം
Nedumkunnam,നെടുംകുന്നം
Nedumpana,നെടുമ്പന
Nedumpuram,നെടുമ്പ്രം
Nedumudi,നെടുമുടി
Neduvathoor,നെടുവത്തൂര്‍
Neelamperoor,നീലംപേരൂര്‍
Neendakara,നീണ്ടകര
Neendoor,നീണ്ടൂര്‍
Neezhoor,ഞീഴൂര്‍
Nellanad,നെല്ലനാട്
Nellaya,നെല്ലായ
Nellikuzhi,നെല്ലിക്കുഴി
Nelliyampathy,നെല്ലിയാമ്പതി
Nemom,നേമം
Nenmanikkara,നെന്‍മണിക്കര
Nenmara,നെന്മാറ
Nenmara,നെന്മാറ
Nenmeni,നെന്മേനി
New Mahe,ന്യൂ മാഹി
Neyyattinkara,നെയ്യാറ്റിന്‍കര
Nilambur,നിലമ്പൂര്‍
Nilambur,നിലമ്പൂര്‍
Nilamel,നിലമേല്‍
Nileshwar,നീലേശ്വരം
Nileshwar,നീലേശ്വരം
Niramaruthur,നിറമരുതൂര്‍
Niranam,നിരണം
Nochad,നൊച്ചാട്
Noolpuzha,നൂല്‍പ്പുഴ
Nooranad,നൂറനാട്
North Paravur,വടക്കന്‍ പറവൂര്‍
Oachira,ഓച്ചിറ
Oachira,ഓച്ചിറ
Okkal,ഒക്കല്‍
Olavanna,ഒളവണ്ണ
Ollukkara,ഒല്ലൂക്കര
Omalloor,ഓമല്ലൂര്‍
Omassery,ഓമശ്ശേരി
Onchiyam,ഒഞ്ചിയം
Ongallur,ഓങ്ങല്ലൂര്‍
Oorakam,ഊരകം
Orumanayur,ഒരുമനയൂര്‍
Othukkungal,ഒതുക്കുങ്ങല്‍
Ottapalam,ഒറ്റപ്പാലം
Ottapalam,ഒറ്റപ്പാലം
Ottasekharamangalam,ഒറ്റശേഖരമംഗലം
Ottoor,ഒറ്റൂര്‍
Ozhur,ഒഴൂര്‍
Padinharathara,പടിഞ്ഞാറത്തറ
Padiyoor,പടിയൂര്‍
Padiyur,പടിയൂര്‍
Padne,പടന്ന
Paingottoor,പൈങ്ങോട്ടൂര്‍
Paippad,പായിപ്പാട്
Paipra,പായിപ്ര
Paivalike,പൈവളികെ
Pala,പാലാ
Palakkad,പാലക്കാട്
Palakkad,പാലക്കാട്
Palakuzha,പാലക്കുഴ
Palamel,പാലമേല്‍
Pallarimangalam,പല്ലാരിമംഗലം
Pallassana,പല്ലശ്ശന
Pallichal,പള്ളിച്ചല്‍
Pallickal,പള്ളിക്കല്‍
Pallickal,പള്ളിയ്ക്കല്‍
Pallickathodu,പള്ളിക്കത്തോട്
Pallikere,പള്ളിക്കര
Pallikkal,പള്ളിക്കല്‍
Pallippad,പള്ളിപ്പാട്
Pallippuram,പള്ളിപ്പുറം
Pallivasal,പള്ളിവാസല്‍
Pallom,പള്ളം
Palluruthy,പള്ളുരുത്തി
Pampadumpara,പാമ്പാടുംപാറ
Pampady,പാമ്പാടി
Pampady,പാമ്പാടി
Pampakuda,പാമ്പാക്കുട
Pampakuda,പാമ്പാക്കുട
Panachikkad,പനച്ചിക്കാട്
Panamaram,പനമരം
Pananchery,പാണഞ്ചരി
Panangad,പനങ്ങാട്
Panathady,പനത്തടി
Panavally,പാണാവള്ളി
Panavoor,പനവൂര്‍
Panayam,പനയം
Pandalam,പന്തളം
Pandalam Thekkekara,പന്തളം തെക്കേക്കര
Pandanad,പാണ്ടനാട്
Pandikkad,പാണ്ടിക്കാട്
Pangode,പാങ്ങോട്
Panjal,പാഞ്ഞാള്‍
Panmana,പന്‍മന
Panniyannur,പന്ന്യന്നൂര്‍
Panthalayani,പന്തലായനി
Pappinisseri,പാപ്പിനിശ്ശേരി
Parakkadavu,പാറക്കടവ്
Parakkadavu,പാറക്കടവ്
Parakkode,പറക്കോട്
Paralam,പാറളം
Parali,പറളി
Parappukkara,പറപ്പൂക്കര
Parappur,പറപ്പൂര്‍
Parassala,പാറശ്ശാല
Parassala,പാറശ്ശാല
Parathodu,പാറത്തോട്
Paravur,പരവൂര്‍
Paravur,പറവൂര്‍
Pariyaram,പരിയാരം
Pariyaram,പരിയാരം
Paruthur,പരുതൂര്‍
Pathanamthitta,പത്തനംതിട്ട
Pathanapuram,പത്തനാപുരം
Pathanapuram,പത്തനാപുരം
Pathiyoor,പത്തിയൂര്‍
Pattambi,പട്ടാമ്പി
Pattanakkad,പട്ടണക്കാട്
Pattanakkad,പട്ടണക്കാട്
Pattanchery,പട്ടഞ്ചരി
Pattazhi,പട്ടാഴി
Pattazhi Vadakkekara,പട്ടാഴി വടക്കേക്കര
Pattiam,പാട്യം
Pattithara,പട്ടിത്തറ
Pattuvam,പട്ടുവം
Pavaratty,പാവറട്ടി
Pavithreswaram,പവിത്രേശ്വരം
Payam,പായം
Payyannur,പയ്യന്നൂര്‍
Payyannur,പയ്യന്നൂര്‍
Payyavoor,പയ്യാവൂര്‍
Pazhayakunnumel,പഴയകുന്നുമ്മേല്‍
Pazhayannur,പഴയന്നൂര്‍
Pazhayannur,പഴയന്നൂര്‍
Peermade,പീരുമേട്
Peralassery,പെരളശ്ശേരി
Perambra,പേരാമ്പ്ര
Perambra,പേരാമ്പ്ര
Peravoor,പേരാവൂര്‍
Peravoor,പേരാവൂര്‍
Perayam,പേരയം
Perinad,പെരിനാട്
Peringammala,പെരിങ്ങമ്മല
Peringara,പെരിങ്ങര
Peringome Vayakkara,പെരിങ്ങോം വയക്കര
Peringottukurissi,പെരിങ്ങോട്ടുകുറിശ്ശി
Perinjanam,പെരിഞ്ഞനം
Perinthalmanna,പെരിന്തല്‍മണ്ണ
Perinthalmanna,പെരിന്തല്‍മണ്ണ
Perumanna,പെരുമണ്ണ
Perumanna Klari,പെരുമണ്ണ ക്ളാരി
Perumatty,പെരുമാട്ടി
Perumbavoor,പെരുമ്പാവൂര്‍
Perumkadavila,പെരുങ്കടവിള
Perumkadavila,പെരുങ്കടവിള
Perumpadappa,പെരുമ്പടപ്പ്
Perumpadappa,പെരുമ്പടപ്പ്
Perumpalam,പെരുമ്പളം
Peruvalloor,പെരുവള്ളൂര്‍
Peruvanthanam,പെരുവന്താനം
Peruvayal,പെരുവയല്‍
Peruvemba,പെരുവെമ്പ്
Pilicode,പിലിക്കോട്
Pinarayi,പിണറായി
Pindimana,പിണ്ടിമന
Piravanthoor,പിറവന്തൂര്‍
Pirayiri,പിരായിരി
Polpully,പൊല്‍പ്പുള്ളി
Ponmala,പൊന്‍മള
Ponmundam,പൊന്മുണ്ടം
Ponnani,പൊന്നാനി
Ponnani,പൊന്നാനി
Pookkottukavu,പൂക്കോട്ടുകാവ്
Pookkottur,പൂക്കോട്ടൂര്‍
Poomangalam,പൂമംഗലം
Poonjar,പൂഞ്ഞാര്‍
Poonjar Thekkekara,പൂഞ്ഞാര്‍ തെക്കേക്കര
Poothadi,പൂതാടി
Poothakulam,പൂതക്കുളം
Poothrikka,പൂത്തൃക്ക
Poovachal,പൂവച്ചല്‍
Poovar,പൂവാര്‍
Pooyappally,പൂയപ്പള്ളി
Porkulam,പോര്‍ക്കുളം
Porur,പോരൂര്‍
Poruvazhy,പോരുവഴി
Pothanicad,പോത്താനിക്കാട്
Pothencode,പോത്തന്‍കോട്
Pothukallu,പോത്തുകല്ല്
Poyya,പൊയ്യ
Pozhuthana,പൊഴുതന
Pramadom,പ്രമാടം
Puducode,പുതുക്കോട്
Pudukad,പുതുക്കാട്
Pudunagaram,പുതുനഗരം
Puduppady,പുതുപ്പാടി
Puduppariyaram,പുതുപ്പരിയാരം
Pudur,പുതൂര്‍
Pudusseri,പുതുശ്ശേരി
Pulamanthole,പുലാമന്തോള്‍
Pulikeezhu,പുളിക്കീഴ്
Pulikkal,പുളിക്കല്‍
Pulimath,പുളിമാത്ത്
Pulincunnoo,പുളിങ്കുന്ന്
Puliyoor,പുലിയൂര്‍
Pullampara,പുല്ലമ്പാറ
PullurPeriya,പുല്ലൂര്‍ പെരിയ
Pulpally,പുല്‍പ്പള്ളി
Pulpatta,പുല്‍പ്പറ്റ
Punalur,പുനലൂര്‍
Punnapra North,പുന്നപ്ര വടക്ക്
Punnapra South,പുന്നപ്ര തെക്ക്
Punnayur,പുന്നയൂര്‍
Punnayurkulam,പുന്നയൂര്‍ക്കുളം
Purakkad,പുറക്കാട്
Puramattom,പുറമറ്റം
Purameri,പുറമേരി
Purapuzha,പുറപ്പുഴ
Purathur,പുറത്തൂര്‍
Puthenchira,പുത്തന്‍ചിറ
Puthenvelikkara,പുത്തന്‍വേലിക്കര
Puthige,പുത്തിഗെ
Puthuppally,പുതുപ്പള്ളി
Puthur,പുത്തൂര്‍
Puzhakkal,പുഴയ്ക്കല്‍
Puzhakkattiri,പുഴക്കാട്ടിരി
Rajakkad,രാജക്കാട്
Rajakumary,രാജകുമാരി
Ramamangalam,രാമമംഗലം
Ramankary,രാമങ്കരി
Ramanthali,രാമന്തളി
Ramapuram,രാമപുരം
Ranni,റാന്നി
Ranni,റാന്നി
Ranni Angadi,റാന്നി അങ്ങാടി
Ranni Pazhavangadi,റാന്നി പഴവങ്ങാടി
Ranni Perunadu,റാന്നി പെരുനാട്
Rayamangalam,രായമംഗലം
Santhanpara,ശാന്തന്‍പാറ
Sasthamcotta,ശാസ്താംകോട്ട
Sasthamcotta,ശാസ്താംകോട്ട
Seethathodu,സീതത്തോട്
Senapathy,സേനാപതി
Sholayoor,ഷോളയൂര്‍
Shoranur,ഷൊര്‍ണ്ണൂര്‍
Sooranad North,ശൂരനാട് നോര്‍ത്ത്
Sooranad South,ശൂരനാട് സൌത്ത്
Sreekrishnapuram,ശ്രീകൃഷ്ണപുരം
Sreekrishnapuram,ശ്രീകൃഷ്ണപുരം
Sreemoolanagaram,ശ്രീമൂലനഗരം
Sreenarayanapuram,ശ്രീനാരായണപുരം
Sulthan Bathery,സുല്‍ത്താന്‍ ബത്തേരി
Tachampara,തച്ചമ്പാറ
Tanalur,താനാളൂര്‍
Tanur,താനൂര്‍
Tarur,തരൂര്‍
Tavanur,തവനൂര്‍
Teekoy,തീക്കോയി
Thachanattukara,തച്ചനാട്ടുകര
Thakazhy,തകഴി
Thalakkad,തലക്കാട്
Thalakulathur,തലക്കുളത്തൂര്‍
Thalanad,തലനാട്
Thalappalam,തലപ്പലം
Thalassery,തലശ്ശേരി
Thalassery,തലശ്ശേരി
Thalavady,തലവടി
Thalavoor,തലവൂര്‍
Thalayazham,തലയാഴം
Thalayolaparambu,തലയോലപ്പറമ്പ്
Thalikulam,തളിക്കുളം
Thalikulam,തളിക്കുളം
Thalipparamba,തളിപ്പറമ്പ്
Thalipparamba,തളിപ്പറമ്പ്
Thamarassery,താമരശ്ശേരി
Thanneermukkom,തണ്ണീര്‍മുക്കം
Thannithodu,തണ്ണിത്തോട്
Thanniyam,താന്ന്യം
Thariode,തരിയോട്
Thavinhal,തവിഞ്ഞാല്‍
Thazhakara,തഴക്കര
Thazhava,തഴവ
Thazhekkode,താഴെക്കോട്
Thekkumbhagom,തെക്കുംഭാഗം
Thekkumkara,തെക്കുംകര
Thenhipalam,തേഞ്ഞിപ്പലം
Thenkara,തെങ്കര
Thenkurissi,തേങ്കുറിശ്ശി
Thenmala,തെന്മല
Thennala,തെന്നല
Thevalakkara,തേവലക്കര
Thidanad,തിടനാട്
Thikkodi,തിക്കോടി
Thillankery,തില്ലങ്കേരി
Thirumarady,തിരുമാറാടി
Thirumittacode,തിരുമിറ്റക്കോട്
Thirunavaya,തിരുനാവായ
Thirunelly,തിരുനെല്ലി
Thirupuram,തിരുപുറം
Thiruvali,തിരുവാലി
Thiruvalla,തിരുവല്ല
Thiruvallur,തിരുവള്ളൂര്‍
Thiruvambadi,തിരുവമ്പാടി
Thiruvananthapuram,തിരുവനന്തപുരം
Thiruvaniyoor,തിരുവാണിയൂര്‍
Thiruvanvandoor,തിരുവന്‍വണ്ടൂര്‍
Thiruvarppu,തിരുവാര്‍പ്പ്
Thiruvegappura,തിരുവേഗപ്പുറ
Thiruvilwamala,തിരുവില്വാമല
Thodannur,തോടന്നൂര്‍
Thodiyoor,തൊടിയൂര്‍
Thodupuzha,തൊടുപുഴ
Thodupuzha,തൊടുപുഴ
Tholicode,തൊളിക്കോട്
Tholur,തോളൂര്‍
Thondernad,തൊണ്ടര്‍നാട്
Thottappuzhassery,തോട്ടപ്പുഴശ്ശേരി
Thrickodithanam,തൃക്കൊടിത്താനം
Thrikkakara,തൃക്കാക്കര
Thrikkalangodu,തൃക്കലങ്ങോട്
Thrikkaruva,തൃക്കരുവ
Thrikkovilvattom,തൃക്കോവില്‍വട്ടം
Thrikkunnappuzha,തൃക്കുന്നപ്പുഴ
Thrikkur,തൃക്കൂര്‍
Thrissur,തൃശ്ശൂര്‍
Thumpamon,തുമ്പമണ്‍
Thuravoor,തുറവൂര്‍
Thuravoor,തുറവൂര്‍
Thurayur,തുറയൂര്‍
Thycattussery,തൈക്കാട്ടുശ്ശേരി
Thycattussery,തൈക്കാട്ടുശ്ശേരി
Tirur,തിരൂര്‍
Tirur,തിരൂര്‍
Tirurangadi,തിരൂരങ്ങാടി
Trikaripur,തൃക്കരിപ്പൂര്‍
Trikkaderi,തൃക്കടീരി
Triprangode,തൃപ്രങ്ങോട്
Triprangottoor,തൃപ്രങ്ങോട്ടൂര്‍
Tripunithura,തൃപ്പൂണിത്തുറ
Trithala,തൃത്താല
Trithala,തൃത്താല
Tuneri,തൂണേരി
Tuneri,തൂണേരി
Tuvvur,തുവ്വൂര്‍
TV Puram,ടി.വി.പുരം
Udayagiri,ഉദയഗിരി
Udayamperoor,ഉദയംപേരൂര്‍
Udayanapuram,ഉദയനാപുരം
Udma,ഉദുമ
Udumbanchola,ഉടുമ്പന്‍ചോല
Udumbanoor,ഉടുമ്പന്നൂര്‍
Ulikkal,ഉളിക്കല്‍
Ulliyeri,ഉള്ളിയേരി
Ummannoor,ഉമ്മന്നൂര്‍
Unnikulum,ഉണ്ണികുളം
Upputhara,ഉപ്പുതറ
Urangattiri,ഊര്‍ങ്ങാട്ടിരി
Uzhamalakkal,ഉഴമലയ്ക്കല്‍
Uzhavoor,ഉഴവൂര്‍
Uzhavoor,ഉഴവൂര്‍
Vadakara,വടകര
Vadakara,വടകര
Vadakarapathy,വടകരപ്പതി
Vadakkekkad,വടക്കേക്കാട്
Vadakkekkara,വടക്കേക്കര
Vadakkencheri,വടക്കഞ്ചരി
Vadaserikara,വടശ്ശേരിക്കര
Vadavannur,വടവന്നൂര്‍
Vadavucode,വടവുകോട്
Vadavucode Puthencruz,വടവുകോട് പുത്തന്‍കുരിശ്
Vaikom,വൈക്കം
Vaikom,വൈക്കം
Vakathanam,വാകത്താനം
Vakkom,വക്കം
Valakom,വാളകം
Valapad,വലപ്പാട്
Valapattanam,വളപട്ടണം
Valavannur,വളവന്നൂര്‍
Valayam,വളയം
Valiyaparamba,വലിയപറമ്പ
Vallachira,വല്ലച്ചിറ
Vallapuzha,വല്ലപ്പുഴ
VallatholNagar,വള്ളത്തോള്‍ നഗര്‍
Vallicode,വള്ളിക്കോട്
Vallikkunnu,വള്ളിക്കുന്ന്
Vallikunnam,വള്ളികുന്നം
Vamanapuram,വാമനപുരം
Vamanapuram,വാമനപുരം
Vandanmedu,വണ്ടന്‍മേട്
Vandazhy,വണ്ടാഴി
Vandiperiyar,വണ്ടിപ്പെരിയാര്‍
Vaniamkulam,വാണിയംകുളം
Vanimal,വാണിമല്‍
Vannappuram,വണ്ണപ്പുറം
Varandarappilly,വരന്തരപ്പിള്ളി
Varappetty,വാരപ്പെട്ടി
Varapuzha,വരാപ്പുഴ
Varavoor,വരവൂര്‍
Varkala,വര്‍ക്കല
Varkala,വര്‍ക്കല
Vatanapally,വാടാനപ്പള്ളി
Vathikudy,വാത്തിക്കുടി
Vattamkulam,വട്ടംകുളം
Vattavada,വട്ടവട
Vayalar,വയലാര്‍
Vazhakkad,വാഴക്കാട്
Vazhakulam,വാഴക്കുളം
Vazhakulam,വാഴക്കുളം
Vazhappally,വാഴപ്പള്ളി
Vazhathope,വാഴത്തോപ്പ്
Vazhayur,വാഴയൂര്‍
Vazhikkadavu,വഴിക്കടവ്
Vazhoor,വാഴൂര്‍
Vazhoor,വാഴൂര്‍
Vechoochira,വെച്ചൂച്ചിറ
Vechoor,വെച്ചൂര്‍
Veeyapuram,വീയപുരം
Veliancode,വെളിയങ്കോട്
Velinalloor,വെളിനല്ലൂര്‍
Veliyam,വെളിയം
Veliyanad,വെളിയനാട്
Veliyanad,വെളിയനാട്
Veliyannoor,വെളിയന്നൂര്‍
Vellamunda,വെള്ളമുണ്ട
Vellanad,വെള്ളനാട്
Vellanad,വെള്ളനാട്
Vellangallur,വെള്ളാങ്ങല്ലൂര്‍
Vellangallur,വെള്ളാങ്ങല്ലൂര്‍
Vellarada,വെള്ളറട
Vellathooval,വെള്ളത്തൂവല്‍
Vellavoor,വെള്ളാവൂര്‍
Vellinezhi,വെള്ളിനേഴി
Velliyamattom,വെളളിയാമറ്റം
Velloor,വെള്ളൂര്‍
Velom,വേളം
Velukara,വേളൂക്കര
Velur,വേലൂര്‍
Vembayam,വെമ്പായം
Vengad,വേങ്ങാട്
Venganoor,വെങ്ങാനൂര്‍
Vengappally,വേങ്ങപ്പള്ളി
Vengara,വേങ്ങര
Vengara,വേങ്ങര
Vengola,വെങ്ങോല
Vengoor,വേങ്ങൂര്‍
Venkitangu,വെങ്കിടങ്ങ്
Venmoney,വെണ്മണി
Vettathur,വെട്ടത്തൂര്‍
Vettikavala,വെട്ടിക്കവല
Vettikavala,വെട്ടിക്കവല
Vettom,വെട്ടം
Vettoor,വെട്ടൂര്‍
Vijayapuram,വിജയപുരം
Vilakkudy,വിളക്കുടി
Vilappil,വിളപ്പില്‍
Vilavoorkal,വിളവൂര്‍ക്കല്‍
Vilayur,വിളയൂര്‍
Villiappally,വില്യാപ്പള്ളി
Vithura,വിതുര
Vorkady,വോര്‍ക്കാടി
Vypin,വൈപ്പിന്‍
Vythiri,വൈത്തിരി
Wadakanchery,വടക്കാഞ്ചരി
Wandoor,വണ്ടൂര്‍
Wandoor,വണ്ടൂര്‍
West Eleri,വെസ്റ് എളേരി
West Kallada,വെസ്റ് കല്ലട
Yeroor,ഏരൂര്‍
